window_idx,mid_date,wj_unsigned,wj_signed,binary_jaccard,type1_gap,type2_gap,sign_inversion_pct
0,2003-07-07,0.7403903199796855,0.9298645901871944,0.2714331585143958,0.4689571614652897,0.18947427020750884,72.98428556003091
1,2003-08-05,0.7160024253148752,0.9244175160044569,0.25032274722437386,0.46567967809050137,0.20841509068958164,73.38622201990869
2,2003-09-04,0.7093131271537577,0.9231900790875252,0.23608473338203068,0.47322839377172704,0.21387695193376743,73.57640537379781
3,2003-10-03,0.7058775712170504,0.922953888854932,0.2220666044195456,0.4838109667975048,0.2170763176378816,73.80474808946825
4,2003-11-03,0.7089255253482158,0.9239052859101047,0.2211189913317573,0.48780653401645857,0.21497976056188883,73.85730432703578
5,2003-12-03,0.7149888009232592,0.9254459168911813,0.2232469391000159,0.4917418618232433,0.21045711596792205,73.84170048393621
6,2004-01-05,0.7079342156068474,0.9237238895151132,0.20631881282910483,0.5016154027777426,0.21578967390826576,73.88392801869226
7,2004-02-04,0.7061146973849429,0.9233900629191091,0.19768003866602224,0.5084346587189207,0.21727536553416615,73.93202844810591
8,2004-03-05,0.7371804067443728,0.9311330655910648,0.2219348950410709,0.5152455117033019,0.193952658846692,73.7968796177411
9,2004-04-05,0.7184821602821023,0.9264966244828564,0.20003180155827635,0.5184503587238259,0.2080144642007541,73.89033121638062
10,2004-05-05,0.7235211740277764,0.9277773851154775,0.2155622331171912,0.5079589409105851,0.2042562110877011,73.87770487285765
11,2004-06-04,0.7201728493086608,0.9269291515556437,0.2276707530647986,0.4925020962438622,0.20675630224698294,73.88714845438412
12,2004-07-07,0.7233485867707417,0.927701474128218,0.23001918158567775,0.4933294051850639,0.20435288735747636,73.86656188455149
13,2004-08-05,0.7497165712047144,0.9342341002702905,0.24705334987593053,0.5026632213287838,0.18451752906557617,73.72343025414544
14,2004-09-03,0.7546310706641954,0.9353683097244581,0.262901507078703,0.4917295635854924,0.18073723906026262,73.65938285238677
15,2004-10-05,0.7265794489183733,0.9284167221102849,0.2365730975174428,0.4900063514009305,0.20183727319191158,73.81934985993621
16,2004-11-03,0.7508448336137106,0.9344601631357184,0.2645418326693227,0.4863030009443879,0.18361532952200788,73.69517244419937
17,2004-12-03,0.744544969034343,0.9328472212201673,0.2662862577270566,0.47825871130728637,0.1883022521858243,73.71248531454421
18,2005-01-04,0.7349229869050183,0.9303904897110098,0.2565927843391037,0.47833020256591463,0.19546750280599146,73.7398918615218
19,2005-02-03,0.7328803973724868,0.9298353336399471,0.2616400837763815,0.4712403135961053,0.1969549362674603,73.73286510241837
20,2005-03-07,0.7037004204817677,0.9224313183287924,0.24019044491873257,0.4635099755630352,0.2187308978470247,73.82086002371983
21,2005-04-06,0.7023820476749393,0.922060989340302,0.23753086419753086,0.4648511834774084,0.21967894166536273,73.81239604304099
22,2005-05-05,0.7277194176651938,0.9281594419769899,0.2612264606470304,0.46649295701816335,0.20044002431179608,73.61524740142052
23,2005-06-06,0.7245604664738512,0.927448619499149,0.24504065040650405,0.47951981606734717,0.20288815302529783,73.65977949059977
24,2005-07-06,0.7221767306224778,0.9269234604409792,0.24671745825903713,0.47545927236344065,0.2047467298185014,73.69675343510545
25,2005-08-04,0.708131234383824,0.9233806597437068,0.22882197220383851,0.4793092621799855,0.21524942535988278,73.74870171717791
26,2005-09-02,0.6973199997745814,0.9207246925811181,0.214703425229741,0.48261657454484036,0.22340469280653674,73.8088716268527
27,2005-10-04,0.6871126219795893,0.9182074641095718,0.21153846153846154,0.47557416044112777,0.23109484212998244,73.8587934074181
28,2005-11-02,0.6379213222449297,0.9057355054983275,0.1807977896736315,0.45712353257129823,0.2678141832533978,73.96574272582875
29,2005-12-02,0.6673591923594767,0.913215983333733,0.18722088629336997,0.48013830606610675,0.24585679097425628,73.91059224457742
30,2006-01-04,0.7065966694029722,0.9232415911714114,0.2146357951664695,0.4919608742365027,0.2166449217684392,73.83860344311776
31,2006-02-03,0.732465252833186,0.9298111722693547,0.23676787788286047,0.4956973749503255,0.19734591943616875,73.76459376812055
32,2006-03-07,0.7277974216966292,0.9287860160078831,0.23941557363440147,0.48838184806222773,0.20098859431125393,73.83787308849492
33,2006-04-05,0.725566784366649,0.9282483715678644,0.24341238471673254,0.48215439964991647,0.20268158720121543,73.85461221720429
34,2006-05-05,0.693289595251101,0.9201396826734649,0.21575227196230226,0.4775373232887987,0.2268500874223639,73.96230578094799
35,2006-06-06,0.6944689023374769,0.9205061692090295,0.20987030486777833,0.4845985974696986,0.22603726687155257,73.98175459089403
36,2006-07-06,0.6919140906087086,0.919833688218618,0.21180613785007546,0.4801079527586331,0.22791959760990943,73.97923457785764
37,2006-08-04,0.6962141661699262,0.9209609874338757,0.22107369123041012,0.47514047493951606,0.22474682126394951,73.9819952860818
38,2006-09-05,0.7253632151178471,0.9283090331667709,0.2484461890742558,0.47691702604359126,0.20294581804892387,73.89607992097935
39,2006-10-04,0.7505543292793316,0.9344823867666312,0.2827258320126783,0.4678284972666533,0.18392805748729957,73.73471624338751
40,2006-11-02,0.7548910917800136,0.93556496652085,0.28743625405656004,0.46745483772345353,0.1806738747408364,73.71167211053819
41,2006-12-04,0.7359627627020776,0.9310100356647203,0.25176848874598073,0.4841942739560969,0.19504727296264268,73.87112323954672
42,2007-01-05,0.7325430774389441,0.9300276893951228,0.2542815201435329,0.4782615572954112,0.19748461195617872,73.83791380875412
43,2007-02-06,0.7528303083447402,0.9349833613814373,0.27008354755784064,0.48274676078689954,0.18215305303669715,73.69554568638428
44,2007-03-08,0.7797670754242986,0.9410962523571789,0.2895867278921641,0.49018034753213446,0.1613291769328803,73.25388664918994
45,2007-04-09,0.7869193775728689,0.9424960514577171,0.29609253773451827,0.4908268398383506,0.1555766738848482,73.01305586248323
46,2007-05-08,0.7913000829039237,0.9432298599950789,0.30136090028788276,0.48993918261604097,0.15192977709115518,72.7981971460072
47,2007-06-07,0.8016670931464284,0.94520020269667,0.3098484848484849,0.4918186082979435,0.14353310955024168,72.36979068542144
48,2007-07-09,0.8041915437625242,0.9448109856531769,0.29223202170963364,0.5119595220528905,0.14061944189065267,71.81479523034997
49,2007-08-07,0.7988456891103857,0.9426113888816009,0.2600419874037789,0.5388037017066067,0.14376569977121523,71.47035484121852
50,2007-09-06,0.7978368027424999,0.9424988540423513,0.2624043792546845,0.5354324234878154,0.14466205129985144,71.55706541165944
51,2007-10-05,0.7964413346417273,0.9414345500489939,0.2447875983897134,0.5516537362520139,0.14499321540726662,71.22920321376239
52,2007-11-05,0.7962064854777537,0.9412715285257276,0.24125616461651833,0.5549503208612354,0.14506504304797385,71.18236485005436
53,2007-12-05,0.7926291309468331,0.9401337513757314,0.22800833199807724,0.5646207989487558,0.14750462042889834,71.13083004492799
54,2008-01-07,0.7906503978928374,0.939471780039029,0.21943091514996155,0.5712194827428758,0.14882138214619156,71.08749223703438
55,2008-02-06,0.787675713326559,0.9391823325206119,0.21919296430419039,0.5684827490223685,0.15150661919405295,71.35623605182441
56,2008-03-07,0.778194321895702,0.9361779131934688,0.2111362215704188,0.5670581003252833,0.15798359129776673,71.22612579082819
57,2008-04-08,0.7737701401814763,0.9334225274661453,0.18721551553532556,0.5865546246461507,0.15965238728466902,70.57087309904114
58,2008-05-07,0.7602459900424217,0.9272126033242976,0.15713149944347274,0.603114490598949,0.1669666132818759,69.64080113255193
59,2008-06-06,0.7168681079559098,0.9092160680275908,0.11611800289308727,0.6007501050628226,0.19234796007168098,67.935815595697
60,2008-07-08,0.7135173498931412,0.9077751858597772,0.11358413481998468,0.5999332150731566,0.19425783596663604,67.80788850360653
61,2008-08-06,0.7013023528423753,0.9024637449559799,0.10558157689305231,0.595720775949323,0.20116139211360462,67.34615890946421
62,2008-09-05,0.683756927318934,0.8948045370799181,0.09593459084411282,0.5878223364748212,0.21104760976098413,66.73588387936881
63,2008-10-06,0.6737049668669577,0.8902975714698055,0.09176070183554447,0.5819442650314133,0.2165926046028478,66.37937529209498
64,2008-11-04,0.6704244189693933,0.8887953413210958,0.09050514878780508,0.5799192701815883,0.21837092235170252,66.25822267197128
65,2008-12-04,0.6639085520667041,0.8858180892268213,0.08796992481203007,0.575938627254674,0.2219095371601172,66.02653489837074
66,2009-01-06,0.6630440252760488,0.885404008606188,0.08737366680639001,0.5756703584696587,0.22235998333013918,65.99081185971136
67,2009-02-05,0.6598312249453571,0.8839431394589125,0.08521424993548975,0.5746169750098673,0.2241119145135554,65.88256505246703
68,2009-03-09,0.6583653595878194,0.8832762959116455,0.0842796469773186,0.5740857126105008,0.22491093632382608,65.83376207180632
69,2009-04-07,0.6726535882862159,0.8897592594273037,0.09133033155955791,0.581323256726658,0.2171056711410878,66.32291156162559
70,2009-05-07,0.6913540185517565,0.8981464491352542,0.10135983834853367,0.5899941802032228,0.20679243058349772,66.99987785785395
71,2009-06-08,0.7358424628026332,0.9169408916728803,0.13048535220141025,0.605357110601223,0.18109842887024707,68.55697959318056
72,2009-07-08,0.7480716776490572,0.921930224989062,0.14182782450313386,0.6062438531459233,0.17385854734000472,69.01111622448516
73,2009-08-06,0.7583338709412732,0.9258230939915554,0.15283664104287845,0.6054972298983948,0.16748922305028213,69.30603957726362
74,2009-09-04,0.7808808892943465,0.9346859318005621,0.1788594675612019,0.6020214217331445,0.15380504250621563,70.19243643829161
75,2009-10-06,0.8019435481480143,0.9430443344971916,0.22365697387875802,0.5782865742692562,0.14110078634917733,71.24271137333447
76,2009-11-04,0.800753106931726,0.942116838851821,0.21739334932505527,0.5833597576066707,0.141363731920095,70.94902698013726
77,2009-12-04,0.7759214452484864,0.9324015346889823,0.1709098285830206,0.6050116166654658,0.15648008944049596,69.83269309908782
78,2010-01-06,0.7588340135805461,0.9258594477797559,0.15176230702009905,0.6070717065604471,0.1670254341992098,69.25745901360514
79,2010-02-05,0.7405622411166954,0.9184795190454171,0.13169059247200435,0.6088716486446911,0.1779172779287217,68.57801990524791
80,2010-03-09,0.7218192586179736,0.9107997959274832,0.1174342532819202,0.6043850053360533,0.1889805373095096,67.93444304254767
81,2010-04-08,0.7164665531994022,0.9084899561218726,0.11495094450139112,0.6015156086980111,0.19202340292247033,67.7251326392952
82,2010-05-07,0.7368966748201388,0.9168098291544342,0.13037441231638694,0.6065222625037519,0.17991315433429544,68.38117846336765
83,2010-06-08,0.7351216310246957,0.9160450021701527,0.12880428316478287,0.6063173478599129,0.18092337114545698,68.30432090221954
84,2010-07-08,0.740514505610666,0.9181953846852838,0.13361133043821555,0.6069031751724505,0.17768087907461783,68.47430122934891
85,2010-08-06,0.7605835730192364,0.9260303740638796,0.15222269563982388,0.6083608773794125,0.16544680104464315,69.1041977073429
86,2010-09-07,0.755312822127226,0.9240242529387319,0.14508242712480296,0.610230395002423,0.16871143081150597,68.94984538144784
87,2010-10-06,0.7383217082702401,0.9173826704944705,0.13189305323466222,0.606428655035578,0.1790609622242304,68.42790093155685
88,2010-11-04,0.7590023441531194,0.9256198484023095,0.15361104822277563,0.6053912959303438,0.16661750424919008,69.136566355256
89,2010-12-06,0.7994964360394927,0.9408295453066711,0.20576399333360432,0.5937324427058884,0.14133310926717835,70.48907584257026
90,2011-01-05,0.8064079214101473,0.9434315113119027,0.21685951867658057,0.5895484027335667,0.13702358990175545,70.77954371886042
91,2011-02-04,0.8011368707096206,0.941417480026083,0.20815873798373183,0.5929781327258887,0.14028060931646247,70.54128626912288
92,2011-03-08,0.7628766839779431,0.9270994806466484,0.15986851934857313,0.6030081646293699,0.16422279666870532,69.25628378671522
93,2011-04-06,0.7158640345265904,0.9083530327941665,0.11627325569282694,0.5995907788337634,0.19248899826757604,67.74538307632506
94,2011-05-06,0.6651175235819614,0.8862739736140873,0.08770303058401718,0.5774144929979442,0.22115645003212592,66.04001869481316
95,2011-06-07,0.6449819414218583,0.8769382214759175,0.07951861118488182,0.5654633302369765,0.23195628005405922,65.33647358194996
96,2011-07-07,0.6216968958042803,0.8656349300677942,0.07227876050046951,0.5494181353038108,0.2439380342635139,64.48216563861703
97,2011-08-05,0.6241039870269197,0.8668337823101475,0.07283540094641258,0.5512685860805071,0.2427297952832278,64.57365518814665
98,2011-09-06,0.6303949831417932,0.8698997052944059,0.07478685811121474,0.5556081250305784,0.23950472215261265,64.80018160697611
99,2011-10-05,0.6332061959327903,0.8711969575256502,0.07589953021567371,0.5573066657171165,0.23799076159285992,64.88407354592378
100,2011-11-03,0.618718548691127,0.864061035249918,0.07149221328447551,0.5472263354066514,0.24534248655879098,64.34681931590767
101,2011-12-05,0.6187779417483238,0.864106383113124,0.0715514967276747,0.5472264450206491,0.24532844136480025,64.35316006893773
102,2012-01-05,0.614943992512498,0.8621600224275805,0.07074382217807028,0.5442001703344277,0.2472160299150825,64.2026160111543
103,2012-02-06,0.6277483488464191,0.8684815663844345,0.07497695245620967,0.5527713963902094,0.24073321753801546,64.66948280605355
104,2012-03-07,0.6897765385150405,0.8970155164870118,0.10086146931349992,0.5889150692015406,0.20723897797197133,66.80312861573135
105,2012-04-05,0.7476403327016329,0.9208468548008781,0.13708035998921014,0.6105599727124227,0.17320652209924525,68.63478778265372
106,2012-05-07,0.8013378671484481,0.9409493643724524,0.1948798138114113,0.6064580533370368,0.13961149722400423,70.27584734949332
107,2012-06-06,0.8309949283651782,0.9518052633172145,0.25194792137937966,0.5790470069857985,0.1208103349520363,71.48326010776623
108,2012-07-06,0.8408804724169477,0.9555120278075797,0.29548929663608564,0.545391175780862,0.11463155539063197,72.04116121498674
109,2012-08-06,0.8372918653884855,0.9543563500405499,0.2921467935871743,0.5451450718013112,0.11706448465206432,71.94753042407504
110,2012-09-05,0.8302062399476949,0.9519044084455828,0.2704886281888108,0.5597176117588841,0.12169816849788784,71.67411126321642
111,2012-10-04,0.8319079201220265,0.9526354704642569,0.2825311942959002,0.5493767258261264,0.12072755034223037,71.82227171552199
112,2012-11-06,0.8349250918292899,0.9537692925258638,0.2947500785916379,0.5401750132376519,0.11884420069657398,71.99410377600982
113,2012-12-06,0.8324630807778431,0.9532926378920549,0.31391316410043,0.5185499166774131,0.12082955711421173,72.12115256458169
114,2013-01-08,0.8319775801342897,0.9533017635415716,0.3321197711568467,0.499857808977443,0.1213241834072819,72.20713968067395
115,2013-02-07,0.8357865137955975,0.9552049025725632,0.3767589227471811,0.45902759104841645,0.11941838877696564,72.72142595421259
116,2013-03-11,0.8366524496612117,0.9548535485512918,0.3512128732687535,0.48543957639245816,0.11820109889008013,72.36172115524661
117,2013-04-10,0.8316130259267855,0.953034013768513,0.3421072651198174,0.4895057608069681,0.1214209878417275,72.108302028715
118,2013-05-09,0.8302341690641166,0.9524583682835587,0.32852729145211124,0.5017068776120054,0.12222419921944205,71.99575942087151
119,2013-06-10,0.8301409744997944,0.9527855912067009,0.3390942550808129,0.4910467194189815,0.12264461670690652,72.20376800451976
120,2013-07-10,0.8313725066328234,0.953505466224706,0.3497973657548126,0.4815751408780108,0.12213295959188264,72.42766713370112
121,2013-08-08,0.8296656551669075,0.9521315642554876,0.30732796535624873,0.5223376898106588,0.12246590908858013,71.8973670333967
122,2013-09-09,0.8294876013240191,0.9523672975261892,0.32289889474074623,0.5065887065832728,0.1228796962021701,72.06496252256373
123,2013-10-08,0.8305702433158817,0.9525145824445902,0.3110473065354115,0.5195229367804701,0.1219443391287085,71.97338974880266
124,2013-11-06,0.8334366700842984,0.9540429646237557,0.34918971216641137,0.4842469579178871,0.12060629453945726,72.40867158485402
125,2013-12-06,0.8320882697218817,0.9542569229753204,0.3699991129246873,0.46208915679719437,0.12216865325343873,72.75766442945131
126,2014-01-08,0.8130772724716915,0.9500148442559992,0.4024229074889868,0.4106543649827047,0.13693757178430777,73.25892019394445
127,2014-02-07,0.81660907054781,0.9506078239411805,0.38985074626865673,0.4267583242791532,0.13399875339337053,73.06727426140449
128,2014-03-11,0.810302978511127,0.9492299225129299,0.40743626850718023,0.40286671000394675,0.13892694400180294,73.23622844017713
129,2014-04-09,0.8144652023490252,0.9499212362910403,0.3816823899371069,0.4327828124119183,0.1354560339420151,73.00842518869851
130,2014-05-09,0.8173854666549547,0.9502601270427374,0.3664518289110237,0.450933637743931,0.13287466038778273,72.76236888370741
131,2014-06-10,0.8130290019594216,0.9493838927985436,0.39968182668912594,0.4133471752702957,0.136354890839122,72.92836443517773
132,2014-07-10,0.8183548023107586,0.9501592635237238,0.36323851203501095,0.4551162902757477,0.13180446121296518,72.56148959052376
133,2014-08-08,0.8129445175780092,0.9483342564573907,0.3469851271155396,0.46595939046246965,0.13538973887938144,72.37945508271541
134,2014-09-09,0.809185346711605,0.9470386458662775,0.3333333333333333,0.4758520133782717,0.13785329915467248,72.24460846113462
135,2014-10-08,0.8177450956346385,0.9495728297273606,0.32859642982149107,0.4891486658131474,0.13182773409272208,72.33151533110492
136,2014-11-06,0.8184001281613916,0.9496783559063772,0.3195041205888568,0.4988960075725348,0.13127822774498554,72.2898240047522
137,2014-12-08,0.8161839450480839,0.9490113150659198,0.3130447105505562,0.5031392344975276,0.13282737001783596,72.2610274997915
138,2015-01-08,0.8139673815443198,0.9476281211107551,0.27808161548169963,0.5358857660626202,0.13366073956643532,71.84801282484673
139,2015-02-09,0.810937519389583,0.9469308226529396,0.27823179791976227,0.5327057214698208,0.13599330326335657,71.93034959886356
140,2015-03-11,0.7859889962224551,0.9368165591302917,0.19055506478209658,0.5954339314403585,0.1508275629078366,70.47654571286218
141,2015-04-10,0.7838975938835949,0.9358268789322401,0.1844718521398028,0.5994257417437922,0.15192928504864522,70.30430053000309
142,2015-05-11,0.8010954638526095,0.9424029602209131,0.21670320035072338,0.5843922635018861,0.14130749636830353,71.04287267917968
143,2015-06-10,0.7863338272274536,0.9368081808428761,0.1855765323087154,0.6007572949187382,0.1504743536154225,70.42497727312532
144,2015-07-10,0.7813619220718951,0.9350122331585163,0.17342311392057166,0.6079388081513235,0.1536503110866212,70.2760985381267
145,2015-08-10,0.7824956378343603,0.9353005238321955,0.17293873241834962,0.6095569054160106,0.15280488599783526,70.25371099521544
146,2015-09-09,0.7796873797401312,0.9339075563898345,0.16821558349680032,0.6114717962433309,0.15422017664970322,70.00060934675169
147,2015-10-08,0.7867725020917563,0.9364952186660718,0.1767402663070959,0.6100322357846604,0.14972271657431546,70.21735847538028
148,2015-11-06,0.7918249773413052,0.9384013795344114,0.18396700516410772,0.6078579721771975,0.1465764021931062,70.41017712937627
149,2015-12-08,0.788594322746618,0.9372835553733538,0.1801212778210644,0.6084730449255535,0.14868923262673583,70.33360435657701
150,2016-01-08,0.7745976724126983,0.9322314883508388,0.16332455405243626,0.611273118360262,0.15763381593814052,69.93442242830726
151,2016-02-09,0.7778267815426887,0.9335328668297033,0.1672407430188215,0.6105860385238672,0.15570608528701457,70.08319291054973
152,2016-03-10,0.8069067587890296,0.9448687756496982,0.24120053272450534,0.5657062260645243,0.13796201686066856,71.44839249444968
153,2016-04-11,0.8063937189516606,0.9448173956332142,0.24533541189652652,0.561058307055134,0.13842367668155364,71.49751337199238
154,2016-05-10,0.8100618083671237,0.9458734900982829,0.25016241067412925,0.5598993976929945,0.1358116817311592,71.5030929607164
155,2016-06-09,0.8108407711475121,0.9465145059105627,0.2983895847473314,0.5124511864001806,0.13567373476305067,71.72461824152029
156,2016-07-11,0.8070957911387087,0.9461253975849702,0.36255845023380096,0.4445373409049077,0.1390296064462615,72.07183672505113
157,2016-08-09,0.778038451688181,0.9386095155082167,0.41786144248659296,0.360177009201588,0.16057106382003572,72.3418380531659
158,2016-09-08,0.7520349224271634,0.9317971218842918,0.4310828958613112,0.3209520265658522,0.17976219945712835,72.4949663140873
159,2016-10-07,0.7396377682038101,0.9279763928514259,0.4395265054040144,0.3001112627997957,0.18833862464761575,72.33715249262657
160,2016-11-07,0.7363551561242597,0.9279518745532774,0.4351753453772582,0.3011798107470015,0.1915967184290177,72.6722797276931
161,2016-12-07,0.7207410028499954,0.9240517496893927,0.4227619708535739,0.2979790319964215,0.20331074683939732,72.80365141832422
162,2017-01-09,0.6481669603541717,0.9060182514161099,0.37423022264329703,0.2739367377108746,0.25785129106193827,73.28796957827028
163,2017-02-08,0.6343314181469868,0.9028577988949896,0.350974025974026,0.2833573921729608,0.26852638074800284,73.43435943751429
164,2017-03-10,0.6527536681625565,0.9076686896010155,0.3710762331838565,0.2816774349787,0.254915021438459,73.41042887035951
165,2017-04-10,0.566989991256467,0.8828651831667602,0.3031621214656182,0.26382786979084877,0.31587519191029323,72.94870454077254
166,2017-05-10,0.5399265112131513,0.8745387084280937,0.2940679398343755,0.24585857137877576,0.3346121972149424,72.73016276101222
167,2017-06-09,0.5288370536263045,0.8722872891380002,0.27850051352276617,0.25033654010353834,0.34345023551169573,72.89415225774006
168,2017-07-11,0.5082740339859005,0.8653166221349878,0.26657529552852494,0.2416987384573756,0.3570425881490873,72.61007407098158
169,2017-08-09,0.5496139458692536,0.8777879589408185,0.2693752133834073,0.2802387324858463,0.3281740130715649,72.86504767669749
170,2017-09-08,0.6127185096030571,0.8973185255785381,0.303676347154608,0.30904216244844906,0.284600015975481,73.48660419680299
171,2017-10-09,0.6928085478233672,0.9186798036404997,0.36240786240786244,0.33040068541550477,0.22587125581713252,73.52784532795471
172,2017-11-07,0.694565228001954,0.9188699745083063,0.36075014766686353,0.33381508033509044,0.22430474650635235,73.43785549989289
173,2017-12-07,0.6947971748837701,0.9185892932937515,0.3755426917510854,0.31925448313268473,0.22379211840998137,73.32570343172775
174,2018-01-09,0.6912194202858609,0.9170472342307019,0.3810229799851742,0.3101964403006867,0.22582781394484097,73.13536821321678
175,2018-02-08,0.6933821285875522,0.9178813188999556,0.3954300684034347,0.2979520601841175,0.2244991903124034,73.21790777498998
176,2018-03-12,0.682957098659589,0.9149775998090293,0.3985951277835899,0.28436197087599907,0.23202050114944028,73.18268290142802
177,2018-04-11,0.6860388898410796,0.9160522373850686,0.4050390452335347,0.28099984460754496,0.23001334754398894,73.26173213859549
178,2018-05-10,0.7390666943463747,0.9294108372513643,0.41449239520217634,0.3245742991441984,0.19034414290498958,72.94743092614672
179,2018-06-11,0.7673744163000987,0.935794710763545,0.3871576022231044,0.3802168140769943,0.1684202944634463,72.39972998013708
180,2018-07-11,0.7927329215888294,0.9423872069624668,0.31971631205673756,0.4730166095320918,0.14965428537363745,72.2035966931311
181,2018-08-09,0.7847328693381336,0.9404337478353085,0.32671574094728234,0.45801712839085124,0.15570087849717495,72.32914659030973
182,2018-09-10,0.7688944125606293,0.9358934339710563,0.35789919525624736,0.41099521730438193,0.166999021410427,72.26091902872676
183,2018-10-09,0.744229662911202,0.9289607985388616,0.4005922165820643,0.3436374463291377,0.18473113562765964,72.22539475464073
184,2018-11-07,0.7467441649067753,0.9303566060441231,0.41607974861848523,0.3306644162882901,0.18361244113734776,72.50077419529511
185,2018-12-10,0.7576204783798688,0.9322979756985619,0.39083895853423334,0.36678151984563545,0.1746774973186931,72.067762223104
186,2019-01-10,0.7591070997054465,0.9329130401244937,0.39885236335343316,0.3602547363520134,0.17380594041904718,72.15071104483559
187,2019-02-11,0.7769563682117635,0.937234007092066,0.3765334223483268,0.4004229458634367,0.16027763888030244,71.85932079534746
188,2019-03-13,0.784533983277284,0.9385109404060877,0.30609918297548927,0.4784348003017947,0.15397695712880377,71.46229343765019
189,2019-04-11,0.7852134013073414,0.9385126429841981,0.2701288896079383,0.5150845116994032,0.1532992416768567,71.37281497539561
190,2019-05-13,0.7752771142079674,0.9352014097283314,0.31316912972085387,0.46210798448711354,0.15992429552036402,71.16511295977405
191,2019-06-12,0.7684736103900859,0.9338798178580842,0.3568490983865865,0.41162451200349937,0.16540620746799828,71.4416217290314
192,2019-07-12,0.7220386735795764,0.9200722995904995,0.42379023662332127,0.29824843695625514,0.19803362601092311,71.24502842218857
193,2019-08-12,0.7330447443972651,0.9228272522135538,0.39942224362060663,0.33362250077665845,0.1897825078162887,71.09150459982342
194,2019-09-11,0.7879844591270192,0.9397819983119212,0.308979618415055,0.4790048407119642,0.15179753918490202,71.59736430634791
195,2019-10-10,0.7990933753504365,0.942078099535673,0.22961804779986597,0.5694753275505705,0.14298472418523656,71.16974088566829
196,2019-11-08,0.7805480959881442,0.9348313941690548,0.1823625476320087,0.5981855483561356,0.15428329818091058,70.30392325626644
197,2019-12-10,0.7629425550681335,0.9283785085866905,0.16273832757844167,0.6002042274896918,0.165435953518557,69.78728449811204
198,2020-01-10,0.7391037741480907,0.9190184875847299,0.13848952674533188,0.6006142474027588,0.17991471343663923,68.96025914102833
199,2020-02-11,0.7458429701182725,0.9219576210855076,0.1474272447492036,0.598415725369069,0.1761146509672351,69.2936375000882
200,2020-03-12,0.7528167428689476,0.9250662058616682,0.16191300196909122,0.5909037408998564,0.1722494629927206,69.68492323952057
201,2020-04-13,0.7451491117477407,0.9221029315556776,0.15274294891662676,0.5924061628311139,0.1769538198079369,69.43425664374476
202,2020-05-12,0.7287647188286883,0.9154917140796248,0.13679186345803035,0.591972855370658,0.1867269952509365,68.8431808887724
203,2020-06-11,0.7188888097409702,0.9118839702744814,0.13098309662173568,0.5879057131192346,0.19299516053351118,68.65438560296226
204,2020-07-13,0.7140044495275105,0.909989118201211,0.12758807078564546,0.586416378741865,0.19598466867370046,68.52717405914768
205,2020-08-11,0.7185981575677945,0.9120846269688928,0.13238910199665585,0.5862090555711387,0.19348646940109826,68.75806772576924
206,2020-09-10,0.7377763486939328,0.9211735162863518,0.17238164991011384,0.565394698783819,0.18339716759241897,69.93921664920987
207,2020-10-09,0.7298679175452444,0.9207839168506514,0.21768336964415397,0.5121845479010905,0.19091599930540704,70.6750555396853
208,2020-11-09,0.7238958327121396,0.9210695352044885,0.2634800349752259,0.46041579773691377,0.1971737024923489,71.41279482637427
209,2020-12-09,0.7230185928318994,0.9226875305408276,0.31395007342143905,0.40906851941046035,0.19966893770892824,72.08748765860257
210,2021-01-11,0.7043817276213706,0.9167378787508398,0.33403361344537813,0.3703481141759925,0.21235615112946915,71.83458228775599
211,2021-02-10,0.7077435758139758,0.9173488808999102,0.31185168836901345,0.3958918874449624,0.20960530508593433,71.71965703396084
212,2021-03-12,0.70171916306865,0.9153428575594625,0.3102098108747045,0.3915093521939455,0.21362369449081253,71.61831000895927
213,2021-04-13,0.691243195187121,0.9110067527085958,0.3159656195329733,0.37527757565414765,0.2197635575214748,71.1769114383282
214,2021-05-12,0.6731758824223953,0.9057130513138816,0.330779164873009,0.34239671754938633,0.23253716889148623,71.1505535806335
215,2021-06-11,0.6886006502905396,0.9117127957194251,0.3500902527075812,0.3385103975829584,0.22311214542888547,71.64823742793682
216,2021-07-13,0.6931734576165922,0.9115731557366934,0.34219211394823695,0.35098134366835526,0.21839969812010118,71.18018422512836
217,2021-08-11,0.7097638716051363,0.9169367878878346,0.3359873932155594,0.3737764783895769,0.2071729162826983,71.38081583035775
218,2021-09-10,0.7369251709641474,0.9250482310425052,0.32741588056153903,0.4095092904026084,0.18812306007835777,71.50933472723833
219,2021-10-11,0.7479133158600402,0.9282605808203771,0.32449504223283143,0.42341827362720874,0.18034726496033693,71.54176571270507
220,2021-11-09,0.7754237957139929,0.9367305403745341,0.2853052272450347,0.4901185684689582,0.16130674466054118,71.82717562325097
221,2021-12-09,0.7849683693991385,0.9389164897797302,0.24499237417386885,0.5399759952252696,0.1539481203805917,71.59324418943179
222,2022-01-10,0.787472784348635,0.9392195307146683,0.22295097004999312,0.5645218142986419,0.15174674636603336,71.40108898568668
223,2022-02-09,0.7870871325706623,0.9389408612855646,0.2148406809253601,0.5722464516453022,0.15185372871490233,71.32200629691867
224,2022-03-11,0.7834949408717132,0.9371636391255974,0.18665249578538445,0.5968424450863288,0.15366869825388418,70.97695493703459
225,2022-04-11,0.77526304350723,0.9330926432984077,0.16153025453436975,0.6137327889728602,0.15782959979117772,70.22859179649664
226,2022-05-11,0.7591161040300832,0.926590591479918,0.14302584962603332,0.6160902544040499,0.16747448744983473,69.52498288667255
227,2022-06-10,0.7526452768005074,0.9240999754834339,0.13702580046636412,0.6156194763341433,0.1714546986829265,69.31531222253945
228,2022-07-13,0.738682614109209,0.9184435683273533,0.12558650522991005,0.613096108879299,0.1797609542181443,68.79027723523512
229,2022-08-11,0.7352216764225146,0.9170858328748674,0.12325972424616075,0.6119619521763539,0.18186415645235288,68.68543995412513
230,2022-09-12,0.7399082420820494,0.9186592972290692,0.1251254447586899,0.6147827973233595,0.17875105514701983,68.72615133133486
231,2022-10-11,0.7343281705647998,0.9160688594720761,0.12190064606251091,0.6124275245022889,0.18174068890727624,68.40796380016816
232,2022-11-09,0.7545063790698189,0.9240137764912265,0.13705870783754548,0.6174476712322734,0.16950739742140764,69.04757719534223
233,2022-12-09,0.7751999545361935,0.932075574404925,0.16174977518637773,0.6134501793498157,0.15687561986873144,69.78451429805823
234,2023-01-11,0.788841591581399,0.9372687518723551,0.18369651873505183,0.6051450728463472,0.14842716029095615,70.29185406470471
235,2023-02-10,0.8050523157167032,0.9431721311005492,0.21594087095485417,0.5891114447618491,0.138119815383846,70.8496825143771
236,2023-03-14,0.8180346124176358,0.9480818356138605,0.2573188762937408,0.560715736123895,0.13004722319622475,71.46810991038643
237,2023-04-13,0.8279149916690905,0.9526764234687091,0.3336145086461409,0.49430048302294965,0.12476143179961852,72.49988421984416
238,2023-05-12,0.8184531017162128,0.9504382441482851,0.3550991612448068,0.463353940471406,0.13198514243207238,72.70030150873644
239,2023-06-13,0.8113606004699023,0.9490119033776084,0.37717078279081945,0.4341898176790829,0.1376513029077061,72.9706006542624
240,2023-07-14,0.7907059903388706,0.943636478134038,0.38185273159144895,0.4088532587474216,0.15293048779516738,73.06969179040482
241,2023-08-14,0.7806483931891203,0.9410441731126079,0.40408376963350784,0.37656462355561243,0.16039577992348764,73.1226829178313
242,2023-09-13,0.7552677791646047,0.9344696536908645,0.41215973138265977,0.343108047781945,0.1792018745262598,73.2236539653638
243,2023-10-12,0.7368156692137311,0.929536462361984,0.37958572498128273,0.35722994423244836,0.19272079314825286,73.22654527816884
244,2023-11-10,0.7226220885314808,0.9253594276404545,0.3721657544956998,0.350456334035781,0.20273733910897374,73.09065744839717
245,2023-12-12,0.713170653440609,0.9231336140118587,0.3461331177580167,0.36703753568259234,0.20996296057124963,73.20135233365134
246,2024-01-12,0.6985749407563581,0.9191445031306056,0.3415184871577759,0.3570564535985822,0.22056956237424752,73.17558895989504
247,2024-02-13,0.7323742489654088,0.9276249224702553,0.3595587343920475,0.3728155145733613,0.19525067350484648,72.95660927621644
248,2024-03-14,0.7310868224286855,0.9270523940303679,0.3609094155457684,0.3701774068829171,0.19596557160168238,72.87317541354523
249,2024-04-15,0.7214542658981772,0.9243098253088968,0.37306540189715426,0.3483888640010229,0.20285555941071964,72.82666168442037
250,2024-05-14,0.6880466492978986,0.9156784734075718,0.3688820912124583,0.3191645580854403,0.2276318241096732,72.96982821224745
251,2024-06-13,0.6746617511052071,0.9123993668295325,0.368086642599278,0.3065751085059291,0.2377376157243254,73.07398270321556
252,2024-07-16,0.6844589737017538,0.9154609012456965,0.3737039170506912,0.31075505665106257,0.23100192754394266,73.20820694979992
253,2024-08-14,0.6795331821197766,0.9141166684006584,0.3682535088988569,0.31127967322091976,0.23458348628088177,73.20055406440206
254,2024-09-13,0.6935182359605356,0.9167957426882358,0.37641204948897256,0.3171061864715631,0.2232775067277002,72.85180814182135
255,2024-10-14,0.7322220921115185,0.9263461664377526,0.3936914502549508,0.33853064185656767,0.19412407432623413,72.49443236634696
256,2024-11-12,0.7514202516629758,0.9309399703946292,0.38235889136152135,0.3690613603014544,0.1795197187316534,72.21815933623873
257,2024-12-12,0.7593592885681316,0.9329904221118822,0.36778757809628815,0.39157171047184347,0.1736311335437506,72.153681939604
258,2025-01-15,0.7597270850639339,0.9327795939621082,0.34457688731084624,0.4151501977530877,0.17305250889817425,72.02331105202666
259,2025-02-14,0.7472105582090858,0.9301111911879726,0.3698193411264612,0.3773912170826246,0.1829006329788868,72.35295575760895
260,2025-03-18,0.7384847126381537,0.9275889112173786,0.35870096840457794,0.3797837442335758,0.1891041985792249,72.31095378281668
261,2025-04-16,0.7349877664842087,0.9263144638578626,0.362661589337609,0.3723261771465997,0.19132669737365393,72.19542088129806
262,2025-05-16,0.73331841443178,0.9255532944563064,0.3513540927071711,0.3819643217246089,0.19223488002452638,72.08404720368316
263,2025-06-17,0.7380965496395082,0.9263454538893029,0.33982317531978934,0.3982733743197189,0.18824890424979468,71.87721429048881
